{"cameraMode":{"drawMode":0,"name":"Shaded","section":"Shading Mode"},"sceneLighting":false,"audioPlay":false,"sceneViewState":{"m_AlwaysRefresh":false,"showFog":true,"showSkybox":false,"showFlares":true,"showImageEffects":true,"showParticleSystems":true,"showVisualEffectGraphs":true,"m_FxEnabled":true},"in2DMode":false,"pivot":{"x":-9.386693954467774,"y":11.513099670410157,"z":-8.754775047302246},"rotation":{"x":0.29025551676750185,"y":0.36279380321502688,"z":-0.12002667039632797,"w":0.8773465156555176},"size":0.0007522546220570803,"orthographic":false}