{"cameraMode":{"drawMode":0,"name":"Shaded","section":"Shading Mode"},"sceneLighting":false,"audioPlay":false,"sceneViewState":{"m_AlwaysRefresh":false,"showFog":true,"showSkybox":false,"showFlares":true,"showImageEffects":true,"showParticleSystems":true,"showVisualEffectGraphs":true,"m_FxEnabled":true},"in2DMode":false,"pivot":{"x":2.7261159420013429,"y":0.5500001907348633,"z":-9.151265144348145},"rotation":{"x":-0.33224016427993777,"y":0.12847255170345307,"z":-0.045734792947769168,"w":-0.9332899451255798},"size":0.8660284280776978,"orthographic":false}