{"cameraMode":{"drawMode":0,"name":"Shaded","section":"Shading Mode"},"sceneLighting":false,"audioPlay":false,"sceneViewState":{"m_AlwaysRefresh":false,"showFog":true,"showSkybox":false,"showFlares":true,"showImageEffects":true,"showParticleSystems":true,"showVisualEffectGraphs":true,"m_FxEnabled":true},"in2DMode":false,"pivot":{"x":-0.25086307525634768,"y":0.6690616607666016,"z":0.5774788856506348},"rotation":{"x":0.2515551447868347,"y":0.1616765260696411,"z":-0.04266340658068657,"w":0.9532893896102905},"size":10.434127807617188,"orthographic":false}