{"cameraMode":{"drawMode":0,"name":"Shaded","section":"Shading Mode"},"sceneLighting":false,"audioPlay":false,"sceneViewState":{"m_AlwaysRefresh":false,"showFog":true,"showSkybox":false,"showFlares":true,"showImageEffects":true,"showParticleSystems":true,"showVisualEffectGraphs":true,"m_FxEnabled":true},"in2DMode":false,"pivot":{"x":-2.067117691040039,"y":-0.1793661117553711,"z":1.6980361938476563},"rotation":{"x":0.20913279056549073,"y":0.08495412766933441,"z":-0.01824059523642063,"w":0.9740192890167236},"size":19.66084861755371,"orthographic":false}