{"cameraMode":{"drawMode":0,"name":"Shaded","section":"Shading Mode"},"sceneLighting":false,"audioPlay":false,"sceneViewState":{"m_AlwaysRefresh":false,"showFog":true,"showSkybox":false,"showFlares":true,"showImageEffects":true,"showParticleSystems":true,"showVisualEffectGraphs":true,"m_FxEnabled":true},"in2DMode":false,"pivot":{"x":2.200000047683716,"y":2.0116167068481447,"z":15.899874687194825},"rotation":{"x":-0.24791273474693299,"y":0.1463812291622162,"z":-0.037933241575956348,"w":-0.9569255709648132},"size":2.1212105751037599,"orthographic":false}